{"is_source_file": false, "format": "", "description": "", "external_files": [], "external_methods": [], "published": [], "classes": [], "methods": [], "calls": [], "search-terms": [], "state": 2, "file_id": 1, "knowledge_revision": 16, "git_revision": "64b882ce622b2940cc3b4bb6d028ab189127727d", "hash": "33a09e270081d2530d8073cbe9e8a4f7", "format-version": 4, "code-base-name": "tic_tac_toe_frontend", "filename": "README.md", "revision_history": [{"16": "64b882ce622b2940cc3b4bb6d028ab189127727d"}]}