{"is_source_file": false, "format": "", "description": "", "external_files": [], "external_methods": [], "published": [], "classes": [], "methods": [], "calls": [], "search-terms": [], "state": 2, "file_id": 7, "knowledge_revision": 14, "git_revision": "ee5f7a442f81e0078594aa09ebbdbab822d84be4", "hash": "83876290ee9a0852f7fb36206f4fe9b4", "format-version": 4, "code-base-name": "tic_tac_toe_frontend", "filename": "tic_tac_toe_frontend/package.json", "revision_history": [{"14": "ee5f7a442f81e0078594aa09ebbdbab822d84be4"}]}