{"is_source_file": false, "format": "", "description": "", "external_files": [], "external_methods": [], "published": [], "classes": [], "methods": [], "calls": [], "search-terms": [], "state": 2, "file_id": 6, "knowledge_revision": 11, "git_revision": "ee5f7a442f81e0078594aa09ebbdbab822d84be4", "hash": "3f6f307b4667ea8d1bdf4dd68b5838bd", "format-version": 4, "code-base-name": "tic_tac_toe_frontend", "filename": "tic_tac_toe_frontend/tsconfig.json", "revision_history": [{"11": "ee5f7a442f81e0078594aa09ebbdbab822d84be4"}]}