{"is_source_file": false, "format": "", "description": "", "external_files": [], "external_methods": [], "published": [], "classes": [], "methods": [], "calls": [], "search-terms": [], "state": 2, "file_id": 3, "knowledge_revision": 12, "git_revision": "ee5f7a442f81e0078594aa09ebbdbab822d84be4", "hash": "0046c26f2b07b3dbbe7025802177e087", "format-version": 4, "code-base-name": "tic_tac_toe_frontend", "filename": "tic_tac_toe_frontend/src/style.css", "revision_history": [{"12": "ee5f7a442f81e0078594aa09ebbdbab822d84be4"}]}