{"is_source_file": true, "format": "JavaScript", "description": "This file defines a setup function for a counter element that increments a counter each time the element is clicked. It manages local state within the function and updates the DOM accordingly.", "external_files": [], "external_methods": [], "published": ["setupCounter"], "classes": [], "methods": [{"name": "setupCounter(element)", "description": "Initializes a counter on the given DOM element, sets up a click event to increment and display the counter.", "scope": "", "scopeKind": ""}], "calls": ["element.addEventListener", "setCounter"], "search-terms": ["setupCounter", "counter", "DOM element", "click event", "increment"], "state": 2, "file_id": 2, "knowledge_revision": 19, "git_revision": "ee5f7a442f81e0078594aa09ebbdbab822d84be4", "ctags": [{"_type": "tag", "name": "setupCounter", "path": "/home/kavia/workspace/code-generation/tic-tac-toe-game-198850-198859/tic_tac_toe_frontend/src/counter.js", "pattern": "/^export function setupCounter(element) {$/", "language": "JavaScript", "kind": "function", "signature": "(element)"}], "hash": "2ac86fab0c68ff8890db658663b5b7f5", "format-version": 4, "code-base-name": "tic_tac_toe_frontend", "filename": "tic_tac_toe_frontend/src/counter.js", "revision_history": [{"19": "ee5f7a442f81e0078594aa09ebbdbab822d84be4"}]}