{"is_source_file": false, "format": "", "description": "", "external_files": [], "external_methods": [], "published": [], "classes": [], "methods": [], "calls": [], "search-terms": [], "state": 2, "file_id": 9, "knowledge_revision": 13, "git_revision": "ee5f7a442f81e0078594aa09ebbdbab822d84be4", "hash": "26bb961e6db4f0aa323b976d50f25801", "format-version": 4, "code-base-name": "tic_tac_toe_frontend", "filename": "tic_tac_toe_frontend/index.html", "revision_history": [{"13": "ee5f7a442f81e0078594aa09ebbdbab822d84be4"}]}