{"is_source_file": true, "format": "JavaScript", "description": "This source file is a front-end JavaScript module for a Vite-based web project that initializes DOM content, loads images and styles, and sets up a counter button functionality.", "external_files": ["./style.css", "./javascript.svg", "/vite.svg", "./counter.js"], "external_methods": ["setupCounter"], "published": [], "classes": [], "methods": [{"name": "setupCounter", "description": "Initializes a counter button and attaches event listeners to it."}], "calls": ["setupCounter"], "search-terms": ["main.js", "Vite", "DOM initialization", "counter setup", "import", "HTML content"], "state": 2, "file_id": 4, "knowledge_revision": 18, "git_revision": "ee5f7a442f81e0078594aa09ebbdbab822d84be4", "ctags": [], "hash": "de692c7004bd5381710c3a0b68a7bb3e", "format-version": 4, "code-base-name": "tic_tac_toe_frontend", "filename": "tic_tac_toe_frontend/src/main.js", "revision_history": [{"18": "ee5f7a442f81e0078594aa09ebbdbab822d84be4"}]}